{"zone_cooling_setpoint_1": 30.0, "zone_cooling_setpoint_2": 30.0, "zone_cooling_setpoint_3": 30.0, "zone_cooling_setpoint_4": 30.0, "zone_cooling_setpoint_5": 30.0, "zone_heating_setpoint_1": 15.0, "zone_heating_setpoint_2": 15.0, "zone_heating_setpoint_3": 15.0, "zone_heating_setpoint_4": 15.0, "zone_heating_setpoint_5": 15.0, "zone_air_temp_1": 22.774679137520668, "zone_air_temp_2": 22.73393936965436, "zone_air_temp_3": 22.7587358901483, "zone_air_temp_4": 22.687280816578586, "zone_air_temp_5": 22.844189018518232, "VAV_ENERGY_total": 11974.98269190975, "VAV_ENERGY": 11978.544182603202, "VAV_ENERGY_TEMP": 1.1869614994428148, "hour": 23, "PPD1": 297.53542830118494, "PPD2": 302.36895500025906, "PPD3": 295.50526824043953, "PPD4": 311.7215688985613, "PPD5": 271.60744859477046, "_timestamp": 1748584878.6096156, "_runtime": 118.2702214717865, "_step": 8928, "agent_reward_1": -637.0628495775344, "agent_reward_2": -638.682438718364, "agent_reward_3": -635.9385675138178, "agent_reward_4": -643.6872798712286, "agent_reward_5": -627.9243471725746, "total_reward": -3183.295482853519, "_wandb": {"runtime": 116}}