{"zone_cooling_setpoint_1": 30.0, "zone_cooling_setpoint_2": 30.0, "zone_cooling_setpoint_3": 30.0, "zone_cooling_setpoint_4": 30.0, "zone_cooling_setpoint_5": 30.0, "zone_heating_setpoint_1": 15.0, "zone_heating_setpoint_2": 15.0, "zone_heating_setpoint_3": 15.0, "zone_heating_setpoint_4": 15.0, "zone_heating_setpoint_5": 15.0, "zone_air_temp_1": 22.791668238977223, "zone_air_temp_2": 22.751308703227274, "zone_air_temp_3": 22.77613643167514, "zone_air_temp_4": 22.704572989367964, "zone_air_temp_5": 22.862655914731164, "VAV_ENERGY_total": 11749.121025294762, "VAV_ENERGY": 11752.682515988214, "VAV_ENERGY_TEMP": 1.1869614994428148, "hour": 23, "PPD1": 364.51823269192244, "PPD2": 372.0833932465574, "PPD3": 363.4504950345048, "PPD4": 381.8198235932665, "PPD5": 333.3229628152806, "_timestamp": 1748584168.0243273, "_runtime": 118.64647722244263, "_step": 8928, "agent_reward_1": -654.0988411416881, "agent_reward_2": -656.8109900280973, "agent_reward_3": -653.3594342420436, "agent_reward_4": -661.9695029771103, "agent_reward_5": -642.8542096931175, "total_reward": -3269.0929780820566, "_wandb": {"runtime": 117}}