{"zone_cooling_setpoint_1": 30.0, "zone_cooling_setpoint_2": 30.0, "zone_cooling_setpoint_3": 30.0, "zone_cooling_setpoint_4": 30.0, "zone_cooling_setpoint_5": 30.0, "zone_heating_setpoint_1": 15.0, "zone_heating_setpoint_2": 15.0, "zone_heating_setpoint_3": 15.0, "zone_heating_setpoint_4": 15.0, "zone_heating_setpoint_5": 15.0, "zone_air_temp_1": 22.753470772543423, "zone_air_temp_2": 22.712282514929992, "zone_air_temp_3": 22.736956479187896, "zone_air_temp_4": 22.665724126404523, "zone_air_temp_5": 22.82130680882821, "VAV_ENERGY_total": 12260.20525863066, "VAV_ENERGY": 12263.766749324112, "VAV_ENERGY_TEMP": 1.1869614994428148, "hour": 23, "PPD1": 247.78603403939644, "PPD2": 250.043034521454, "PPD3": 245.14891887514307, "PPD4": 258.74990313331193, "PPD5": 228.58008574651774, "_timestamp": 1748584339.893572, "_runtime": 110.15454602241516, "_step": 8928, "agent_reward_1": -629.4846053565278, "agent_reward_2": -630.073685408904, "agent_reward_3": -628.1176426497616, "agent_reward_4": -634.8200136496285, "agent_reward_5": -623.3541457943239, "total_reward": -3145.8500928591457, "_wandb": {"runtime": 108}}